{
  "cities": {
    "tokyo": "Japan",
    "osaka": "Japan",
    "kyoto": "Japan",
    "yokohama": "Japan",
    "nagoya": "Japan",
    "sapporo": "Japan",
    "beijing": "China",
    "shanghai": "China",
    "shenzhen": "China",
    "guangzhou": "China",
    "chengdu": "China",
    "hong kong": "China",
    "hangzhou": "China",
    "wuhan": "China",
    "xi'an": "China",
    "nanjing": "China",
    "seoul": "South Korea",
    "busan": "South Korea",
    "incheon": "South Korea",
    "mumbai": "India",
    "delhi": "India",
    "bangalore": "India",
    "hyderabad": "India",
    "chennai": "India",
    "kolkata": "India",
    "pune": "India",
    "ahmedabad": "India",
    "bangkok": "Thailand",
    "jakarta": "Indonesia",
    "surabaya": "Indonesia",
    "kuala lumpur": "Malaysia",
    "penang": "Malaysia",
    "manila": "Philippines",
    "cebu": "Philippines",
    "hanoi": "Vietnam",
    "ho chi minh city": "Vietnam",
    "taipei": "Taiwan",
    "kaohsiung": "Taiwan",
    "sydney": "Australia",
    "melbourne": "Australia",
    "brisbane": "Australia",
    "perth": "Australia",
    "adelaide": "Australia",
    "auckland": "New Zealand",
    "wellington": "New Zealand",
    "london": "United Kingdom",
    "manchester": "United Kingdom",
    "birmingham": "United Kingdom",
    "glasgow": "United Kingdom",
    "edinburgh": "United Kingdom",
    "leeds": "United Kingdom",
    "liverpool": "United Kingdom",
    "berlin": "Germany",
    "munich": "Germany",
    "frankfurt": "Germany",
    "hamburg": "Germany",
    "cologne": "Germany",
    "dusseldorf": "Germany",
    "paris": "France",
    "lyon": "France",
    "marseille": "France",
    "toulouse": "France",
    "amsterdam": "Netherlands",
    "rotterdam": "Netherlands",
    "the hague": "Netherlands",
    "brussels": "Belgium",
    "antwerp": "Belgium",
    "zurich": "Switzerland",
    "geneva": "Switzerland",
    "bern": "Switzerland",
    "stockholm": "Sweden",
    "gothenburg": "Sweden",
    "oslo": "Norway",
    "copenhagen": "Denmark",
    "helsinki": "Finland",
    "vienna": "Austria",
    "prague": "Czech Republic",
    "warsaw": "Poland",
    "madrid": "Spain",
    "barcelona": "Spain",
    "rome": "Italy",
    "milan": "Italy",
    "dublin": "Ireland",
    "lisbon": "Portugal",
    "new york": "United States",
    "los angeles": "United States",
    "san francisco": "United States",
    "chicago": "United States",
    "seattle": "United States",
    "boston": "United States",
    "austin": "United States",
    "houston": "United States",
    "dallas": "United States",
    "miami": "United States",
    "washington": "United States",
    "atlanta": "United States",
    "denver": "United States",
    "toronto": "Canada",
    "vancouver": "Canada",
    "montreal": "Canada",
    "calgary": "Canada",
    "ottawa": "Canada",
    "dubai": "United Arab Emirates",
    "abu dhabi": "United Arab Emirates",
    "sharjah": "United Arab Emirates",
    "riyadh": "Saudi Arabia",
    "jeddah": "Saudi Arabia",
    "doha": "Qatar",
    "kuwait city": "Kuwait",
    "manama": "Bahrain",
    "tel aviv": "Israel",
    "istanbul": "Turkey",
    "ankara": "Turkey",
    "cairo": "Egypt",
    "johannesburg": "South Africa",
    "cape town": "South Africa",
    "nairobi": "Kenya",
    "lagos": "Nigeria",
    "accra": "Ghana",
    "mexico city": "Mexico",
    "guadalajara": "Mexico",
    "monterrey": "Mexico",
    "sao paulo": "Brazil",
    "rio de janeiro": "Brazil",
    "bogota": "Colombia",
    "lima": "Peru",
    "santiago": "Chile",
    "buenos aires": "Argentina"
  },
  "aliases": {
    "uk": "United Kingdom",
    "usa": "United States",
    "us": "United States",
    "uae": "United Arab Emirates",
    "hk": "China",
    "sg": "Singapore",
    "au": "Australia",
    "nz": "New Zealand"
  }
}
